{
    "loss": 0.26209647232383426,
    "accuracy": 0.9073875802997858,
    "precision": 0.9063860586100526,
    "recall": 0.9073875802997858,
    "f1_score": 0.9053106826737474
}