{
    "loss": 0.1400132944509018,
    "accuracy": 0.9625267665952891,
    "precision": 0.9626480029776794,
    "recall": 0.9625267665952891,
    "f1_score": 0.9624262371487686
}