{
    "loss": 0.2779492579352677,
    "accuracy": 0.9047109207708779,
    "precision": 0.9044815912166703,
    "recall": 0.9047109207708779,
    "f1_score": 0.9026983111531695
}