{
    "loss": 0.2789647515057496,
    "accuracy": 0.9073875802997858,
    "precision": 0.9062252805203712,
    "recall": 0.9073875802997858,
    "f1_score": 0.9052988864543202
}